13284888,Java从入门到精通（第6版）（软件开发视频大讲堂） Java入门经典,39.90,https://img13.360buyimg.com/n1/s200x200_jfs/t1/186038/9/7947/120952/60bdd993E41eea7e2/48ab930455d7381b.jpg
12800420,Java核心技术 第11版 套装共2册 CoreJava从入门到精通套装,298.00,https://img10.360buyimg.com/n1/s200x200_jfs/t1/146172/4/7453/357315/5f5099a8E331a2969/e8c60e5068541c7d.jpg
,零基础学Java（全彩版）赠视频、源码、练习题、电子魔卡、配置开发环境教程等,56.70,https://img11.360buyimg.com/n1/s200x200_jfs/t1/73437/5/8040/88721/5d5f5bacE73e711d3/dcf905fc042dd0f1.jpg
10058164,Java编程思想（第4版） Java学习必读经典,殿堂级著作！赢得了全球程序员的广泛赞誉 100册以上团购优惠联系电话4006186622,108.00,https://img14.360buyimg.com/n1/s200x200_jfs/t2191/111/699154754/198998/32d7bfe0/5624b582Nbc01af5b.jpg
12759308,Java核心技术 卷I 基础知识（原书第11版） CoreJava第11版,149.00,https://img13.360buyimg.com/n1/s200x200_jfs/t1/102900/26/2632/158701/5dd601a5E9ed34588/596e136d4a144cae.jpg
12602672,Java从入门到项目实战（全程视频版） 编程入门/IT计算机书籍 65小时全程视频教学,95.20,https://img12.360buyimg.com/n1/s200x200_jfs/t1/37162/11/8870/130954/5ccfe770E9ce31151/74a5a5dcd83ecc09.jpg
,开课吧 Java私人定制超级协议班 Java私人定制超级协议班,31800.00,https://img12.360buyimg.com/n1/s200x200_jfs/t1/159513/39/26075/137940/618a3098Ea99ad415/f4735878eb251660.jpg
12507084,Effective Java中文版（原书第3版） Java之父力荐；Jolt大奖获奖作品升级；与Java核心技术、Java编程思想、深入理解Java虚拟机堪称Java四大名著。正版图书双色印刷,98.20,https://img14.360buyimg.com/n1/s200x200_jfs/t1/28526/24/4598/165510/5c3433c7Ea1da5694/eb0bb43a326e8709.jpg
10167771016,Java从入门到精通 第6版 软件开发视频大讲堂 java语言程序设计电脑编程序员计算机教程书 清华 Java入门经典,39.80,https://img14.360buyimg.com/n1/s200x200_jfs/t1/170529/40/26039/450030/619a0dacE7efe063c/b88517a36b00a645.jpg
10100190,O'Reilly：Head First Java（中文版 第2版 涵盖Java5.0） 10年畅销经典,48.30,https://img10.360buyimg.com/n1/s200x200_jfs/t2680/274/3707696254/120035/6281369a/57986bbdN27e0e4fe.jpg
12607299,深入理解Java虚拟机：JVM高级特性与最佳实践（第3版） 周志明JVM新作,106.40,https://img14.360buyimg.com/n1/s200x200_jfs/t1/88306/3/4620/259118/5de865cdE6678a233/6193b6435bb973d1.jpg
12518025,疯狂Java讲义（第5版）（含DVD光盘一张）(博文视点出品) 渗透Java编程思想,69.50,https://img10.360buyimg.com/n1/s200x200_jfs/t1/41570/5/1180/179278/5cc54479E7522cee3/d5b50e571ccc926e.jpg
,Java学习黄金组合套装 （京东套装共3册）,187.30,https://img13.360buyimg.com/n1/s200x200_jfs/t1/146651/3/8003/88161/5f5746d3Ea6637b2a/30e84c980bc92c35.jpg
13216522,Java语言程序设计 基础篇 原书第12版 Java经典教材再推新版,123.40,https://img12.360buyimg.com/n1/s200x200_jfs/t1/158063/34/21117/158566/6080deecEe8a120f5/133314834a5093d1.jpg
12958580,JavaScript高级程序设计 第4版(图灵出品） web前端开发教程,89.90,https://img10.360buyimg.com/n1/s200x200_jfs/t1/119119/28/16355/390609/5f4870aaE11ee9a70/a3942abebcb6534a.jpg
12991976,阿里巴巴Java开发手册（第2版）(博文视点出品) 全球Java开发设计权威指南 100册以上团购优惠联系电话4006186622,33.50,https://img11.360buyimg.com/n1/s200x200_jfs/t1/111618/38/19052/229489/5f74b1baE3a77dfa1/d85a8401e18b5ea5.jpg
13494800,IntelliJ IDEA 软件开发与应用（计算机技术开发与应用丛书） 专业、系统、全面地介绍IntelliJIDEA开发工具！配套丰富示例并涵盖项目开发中的技术体系结构,94.50,https://img10.360buyimg.com/n1/s200x200_jfs/t1/217328/28/2163/91571/617a4053E4dda99a9/318df0de59e0d681.jpg
12163091,Java项目开发实战入门（全彩版） 一本让初学者通过项目实战开发学会编程的图书,55.20,https://img11.360buyimg.com/n1/s200x200_jfs/t1/209827/10/2418/145913/6151843dEa76c222d/da468cc914a3d8b0.jpg
,开课吧 Java编程网站搭建实战项目操作网课视频资料,3.99,https://img12.360buyimg.com/n1/s200x200_jfs/t1/177320/27/18827/91685/6115e64fE4da03020/bba9051e74ea572f.jpg
12767450,Java实战 第2版(图灵出品) 《Java,91.00,https://img10.360buyimg.com/n1/s200x200_jfs/t1/58652/2/12362/129522/5de751dcE494b5dfa/d00e13726d206e88.jpg
12791368,Java核心技术 卷II 高级特性（原书第11版） CoreJava第11版,149.00,https://img13.360buyimg.com/n1/s200x200_jfs/t1/92329/23/8897/158518/5e09abdcE2cd17eb5/056bbe9e4803be8d.jpg
12245406636,Java从入门到精通 第6版 软件开发视频大讲堂 java语言程序设计电脑编程序员计算机 Java从入门到精通 第6版 软件开发视频大讲堂 java语言程序设计电脑编程序员计算机,39.80,https://img12.360buyimg.com/n1/s200x200_jfs/t1/184183/2/13107/428920/60e7af3aE22524ea3/04c2dba33fcee838.jpg
12827212,Java 11官方参考手册（第11版） Java语言专家、畅销书作者HerbertSchildt新书,134.60,https://img12.360buyimg.com/n1/s200x200_jfs/t1/103759/9/19668/133910/5ea007f7E82d73d22/c7c36a4e35d9e3b4.jpg
13543582,Java高并发与集合框架：JCF和JUC源码分析与实现(博文视点出品) 掌握Java集合框架和Java并发工具包,59.50,https://img12.360buyimg.com/n1/s200x200_jfs/t1/208611/22/12064/282488/61b22ce7E08894c60/be5539046b79c2d4.jpg
,赠教程书籍Java修炼指南高频源码解析开课吧组编JAVA /JDK源码 /JAVA /SE /API,69.00,https://img13.360buyimg.com/n1/s200x200_jfs/t1/124888/4/20085/124453/60af780fE3daceb4b/2425ebadd81ea9d7.jpg
13293954,疯狂Spring Boot终极讲义(博文视点出品) 疯狂Java李刚新作,84.00,https://img14.360buyimg.com/n1/s200x200_jfs/t1/194479/8/7720/117469/60c308d4E1c3ec7eb/96e6b4d93eda05c2.jpg
12185937,Java精彩编程200例（全彩版） 全彩图书,75.40,https://img12.360buyimg.com/n1/s200x200_jfs/t1/220735/22/8653/130087/61c27ad7E5fc547b4/8d4cdf62ac0f1397.jpg
12555860,Java从入门到精通（第5版） 297个应用实例+37个典型应用+30小时教学视频+海量开发资源库,54.10,https://img10.360buyimg.com/n1/s200x200_jfs/t1/26339/8/10661/124305/5c8af829E4470835f/99742c91174d3d7a.jpg
13045401,Spring Security实战 是一本关于SpringSecurity的应用指南,94.50,https://img11.360buyimg.com/n1/s200x200_jfs/t1/219993/5/10650/272743/61dc0099Ef6a32bb0/e1c36ce1a97adeb9.jpg
12759911,【包邮】labuladong的算法小抄(Python Java C++零基础)(博文视点出品) GitHub高赞硬核算法教程,50.50,https://img11.360buyimg.com/n1/s200x200_jfs/t1/107875/14/21264/110455/61ea0e92E85cf6fad/37134815ceb3ca4a.jpg
